DOR Code,Municipality,County,General Government,Police,Fire,Other Public Safety,Education,Public Works,Human Services,Culture and Recreation,Fixed Costs,Intergovernment,Other Expenses,Debt Service
001,Abington,PLYMOUTH,"2,719,438","4,489,687","4,230,218","375,118","31,187,061","3,383,606","638,865","898,835","11,424,438","1,420,301","31,594","4,433,937"
002,Acton,MIDDLESEX,"7,690,923","4,811,916","3,980,518","1,226,992","74,954,556","3,700,889","1,994,054","1,763,155","10,076,253","341,126","52,190","1,384,329"
003,Acushnet,BRISTOL,"1,830,369","2,854,597","1,834,616","211,973","18,286,266","2,585,840","471,798","382,275","4,229,638","529,856","105,909","465,434"
004,Adams,BERKSHIRE,"2,113,923","2,012,567","13,061","239,134","7,505,004","2,070,246","363,639","583,792","2,611,937","58,222",0,"557,829"
005,Agawam,HAMPDEN,"8,967,396","6,185,891","4,705,364","390,794","49,364,847","6,476,937","1,687,559","1,482,086","11,363,513","2,145,320","1,459","1,817,460"
006,Alford,BERKSHIRE,"285,444","32,614","39,970","21,228","476,809","897,044","51,513","8,824","173,189",414,0,"215,631"
007,Amesbury,ESSEX,"3,029,649","4,967,007","4,392,826","383,842","39,394,508","4,169,355","924,362","948,256","7,321,223","4,217,327","8,800","3,923,638"
008,Amherst,HAMPSHIRE,"5,044,064","5,469,729","4,975,320","2,104,279","44,020,309","1,953,234","643,077","3,723,757","11,976,517","3,528,490",0,"815,732"
009,Andover,ESSEX,"13,880,573","8,795,752","10,280,166","1,179,794","100,503,026","8,719,479","1,188,253","6,095,687","8,933,995","786,292","709,641","25,150,077"
010,Arlington,MIDDLESEX,"8,384,769","9,614,343","8,810,511","511,716","98,738,122","11,605,875","1,547,757","2,692,273","37,821,263","3,958,930",0,"23,737,977"
011,Ashburnham,WORCESTER,"1,543,359","1,822,233","1,003,307","307,955","8,798,615","1,631,709","146,025","280,298","1,652,703","52,736","130,850","1,534,569"
012,Ashby,MIDDLESEX,"721,795","984,096","408,696","272,567","5,157,808","924,690","82,743","121,263","837,825","28,046","27,994","262,801"
013,Ashfield,FRANKLIN,"499,539","252,842","172,588","130,379","2,820,107","980,310","67,750","153,955","305,677","47,514",0,"515,944"
014,Ashland,MIDDLESEX,"4,338,959","4,319,939","2,903,654","210,008","41,686,416","2,154,292","259,119","945,748","12,058,590","415,232",0,"6,907,305"
015,Athol,WORCESTER,"1,905,690","2,610,830","2,567,190","417,992","5,444,148","2,079,922","516,885","743,908","4,725,498","151,190","1,279,175","1,959,651"
016,Attleboro,BRISTOL,"6,524,638","10,719,019","11,682,920","659,578","85,395,655","3,312,733","4,885,384","3,801,105","9,795,128","4,963,169",0,"11,377,091"
017,Auburn,WORCESTER,"7,405,160","5,261,557","5,317,640","1,338,533","31,790,594","4,946,848","1,146,221","884,427","6,264,627","618,067","1,256,644","5,095,983"
018,Avon,NORFOLK,"2,452,741","2,689,087","2,436,983","236,745","11,249,995","3,283,309","432,746","609,633","5,713,626","519,903","149,757","1,938,290"
019,Ayer,MIDDLESEX,"2,418,259","2,518,423","2,222,339","828,739","14,691,738","1,672,087","403,093","909,877","4,452,584","2,961","-1,190,698","863,277"
020,Barnstable,BARNSTABLE,"15,265,444","17,886,488",0,"2,781,853","87,161,902","6,045,506","2,060,942","4,487,985","26,966,424","14,192,091",0,"7,224,889"
021,Barre,WORCESTER,"1,108,255","1,022,175","304,736","1,031,053","6,878,719","673,307","246,753","396,371","1,249,566","23,660",0,"533,028"
022,Becket,BERKSHIRE,"930,927","516,620","628,940","64,613","3,207,379","1,394,518","64,631","137,166","921,037","2,997",0,"369,225"
023,Bedford,MIDDLESEX,"8,103,027","4,724,855","3,504,292","33,612","49,429,316","15,568,923","1,487,487","1,566,999","14,972,767","440,116",0,"10,874,539"
024,Belchertown,HAMPSHIRE,"3,397,011","2,568,715","2,258,945","309,452","29,321,093","2,129,395","830,737","976,134","10,475,891","1,938,319","77,669","932,149"
025,Bellingham,NORFOLK,"4,409,126","4,491,499","4,081,769","549,940","35,682,158","2,812,447","564,614","1,015,102","4,739,050","4,439,603",0,"3,669,974"
026,Belmont,MIDDLESEX,"13,957,544","7,558,488","6,176,004","607,623","63,001,849","7,270,729","837,833","4,251,023","11,197,816","2,220,669",0,"14,626,779"
027,Berkley,BRISTOL,"776,576","1,887,394","373,953","990,113","15,703,799","1,056,966","79,912","168,775","1,596,031","197,863","106,478","514,488"
028,Berlin,WORCESTER,"1,584,445","1,347,877","1,210,971","419,368","9,407,859","711,440","96,604","227,022","1,391,562","46,273","49,790","291,175"
029,Bernardston,FRANKLIN,"394,756","451,689","132,430","49,311","3,450,211","636,012","119,926","96,705","357,477","12,133","65,598","52,710"
030,Beverly,ESSEX,"7,583,287","10,421,182","8,498,590","1,488,706","76,079,317","5,253,879","1,996,270","3,956,505","13,982,541","2,196,751",0,"7,927,474"
031,Billerica,MIDDLESEX,"7,776,156","8,534,042","9,616,382","3,096,285","86,958,054","11,325,772","1,293,898","3,182,614","21,938,582","5,937,991",0,"7,466,643"
032,Blackstone,WORCESTER,"2,195,254","2,024,135","1,882,454","884,495","12,669,762","3,556,736","515,993","811,647","2,047,821","44,648","2,349","1,156,866"
033,Blandford,HAMPDEN,"582,752",0,"98,238","131,207","1,726,315","833,122","119,526","99,231","352,572","9,183",0,"390,910"
034,Bolton,WORCESTER,"1,638,828","1,598,984","987,113","616,296","18,724,038","1,794,640","231,933","613,776","1,774,953","74,144",0,"865,199"
035,Boston,SUFFOLK,"249,876,952","533,385,599","339,269,264","69,917,047","1,336,044,303","137,519,573","203,680,733","87,746,864","480,631,357","367,941,236",0,"240,897,003"
036,Bourne,BARNSTABLE,"4,757,964","6,139,531","5,755,977","1,903,866","29,680,583","3,247,097","901,106","967,641","8,008,561","5,525,869","1,612,201","6,670,175"
037,Boxborough,MIDDLESEX,"1,976,996","1,732,405","1,372,467","446,728","14,110,784","1,300,600","201,155","482,627","2,465,047",0,"81,437","1,256,134"
038,Boxford,ESSEX,"2,232,505","1,554,020","934,700","968,368","27,008,637","2,505,636","445,704","522,119","3,092,743","182,072",0,"1,179,219"
039,Boylston,WORCESTER,"1,269,061","3,309,352","1,078,939","197,856","13,275,121","1,368,168","182,119","389,282","1,880,985","53,429",0,"366,125"
040,Braintree,NORFOLK,"5,216,165","13,272,671","10,655,238","741,019","84,883,883","8,873,276","830,144","2,939,812","14,710,342","5,006,072",0,"10,291,247"
041,Brewster,BARNSTABLE,"4,322,969","3,419,257","3,600,883","1,286,783","26,054,818","3,923,795","938,854","1,292,387","7,252,876","669,441","569,720","3,207,645"
042,Bridgewater,PLYMOUTH,"4,345,327","6,550,545","7,145,732","436,852","38,959,471","1,734,450","506,467","974,990","9,065,988","439,319","299,532","927,604"
043,Brimfield,HAMPDEN,"888,279","436,157","263,478","351,171","6,675,781","887,659","213,694","127,729","1,008,490","129,940",0,"176,000"
044,Brockton,PLYMOUTH,"19,336,786","30,781,755","31,986,981","1,495,057","229,067,597","6,556,504","2,319,450","2,750,296","29,967,145","35,105,598","3,835","35,496,837"
045,Brookfield,WORCESTER,"1,050,951","594,604","239,297","430,236","5,378,124","708,134","101,865","248,612","1,363,289","159,933",0,"360,592"
046,Brookline,NORFOLK,"13,587,487","18,769,465","19,948,647","2,751,997","140,247,931","13,663,245","2,627,566","8,273,220","78,018,767","7,529,086",0,"35,718,059"
047,Buckland,FRANKLIN,"549,977","334,260",0,"29,329","3,121,872","912,603","128,917","111,726","335,833","22,029",0,"205,853"
048,Burlington,MIDDLESEX,"5,868,645","10,419,661","10,368,557","635,975","78,646,862","16,014,418","1,925,423","4,285,417","20,477,954","948,594",0,"6,925,377"
049,Cambridge,MIDDLESEX,"75,884,261","51,774,786","36,912,655","23,158,255","197,750,722","37,437,108","31,918,617","30,789,081","95,424,602","70,737,241","49,948","89,184,673"
050,Canton,NORFOLK,"5,535,099","6,366,072","6,917,556","1,507,552","56,963,017","6,304,806","1,271,823","2,880,711","10,150,912","1,504,688",0,"4,749,509"
051,Carlisle,MIDDLESEX,"2,695,088","2,112,518","577,004","823,833","20,697,984","1,190,228","415,448","890,747","3,340,000","57,948",0,"1,280,570"
052,Carver,PLYMOUTH,"3,130,714","3,027,526","885,237","1,396,788","24,204,553","3,311,345","644,245","496,462","8,236,754","1,590,715","151,271","2,816,280"
053,Charlemont,FRANKLIN,"388,304","165,253","133,018","96,181","2,291,669","638,500","26,883","30,006","270,096","11,226",700,"25,325"
054,Charlton,WORCESTER,"3,372,076","3,590,810","3,461,211","479,781","19,235,137","2,136,225","701,113","631,926","4,168,773","116,808","395,119","639,585"
055,Chatham,BARNSTABLE,"6,873,211","3,265,501","4,235,954","3,152,842","10,091,349","5,424,930","1,564,051","2,022,607","6,393,611","891,968","210,526","6,855,968"
056,Chelmsford,MIDDLESEX,"6,466,790","8,697,046","7,875,185","550,615","74,905,537","8,651,419","1,500,467","2,451,605","28,009,414","2,305,850",0,"10,909,634"
057,Chelsea,SUFFOLK,"7,398,077","13,213,662","12,017,029","4,389,651","119,387,180","9,063,343","1,524,658","1,340,534","11,919,631","21,353,209","256,890","2,353,972"
058,Cheshire,BERKSHIRE,"872,688","273,011","109,748","40,711","3,512,910","1,190,815","157,598","51,904","488,850","65,343",0,"272,947"
059,Chester,HAMPDEN,"435,217",0,"72,770","93,551","1,775,116","610,141","107,625","55,521","259,556","1,488",0,"7,697"
060,Chesterfield,HAMPSHIRE,"566,492","84,003","73,573","107,127","1,819,447","595,799","61,598","49,786","237,111","3,532",0,"298,287"
061,Chicopee,HAMPDEN,"17,795,147","15,109,166","14,118,217","807,581","114,285,610","8,106,207","2,356,430","5,913,486","34,334,460","10,983,142","1,669,298","7,004,150"
062,Chilmark,DUKES,"1,792,021","914,746","349,369","1,263,160","4,171,787","475,968","408,306","754,816","1,679,325","487,472","1,800","1,135,950"
063,Clarksburg,BERKSHIRE,"363,614","80,488","20,166","24,704","3,218,214","395,807","46,238","77,910","457,711","167,372",0,"245,798"
064,Clinton,WORCESTER,"5,324,803","4,062,879","2,567,205","338,947","29,793,354","2,352,817","1,010,353","735,370","10,814,251","1,804,445",0,"1,225,948"
065,Cohasset,NORFOLK,"3,588,415","3,613,458","2,895,072","394,458","23,611,602","4,099,206","685,151","983,265","10,954,641","479,640",0,"1,672,052"
066,Colrain,FRANKLIN,"478,410","108,078","136,006","14,318","2,651,988","773,766","40,799","98,762","289,421","18,241",650,"6,067"
067,Concord,MIDDLESEX,"10,173,308","5,105,705","6,521,651","581,372","72,215,008","5,203,136","1,335,854","2,620,970","11,448,122","564,098","1,024,110","11,204,163"
068,Conway,FRANKLIN,"478,045","137,447","69,789","66,456","3,982,295","997,040","35,805","16,993","845,136","70,478",0,"142,473"
069,Cummington,HAMPSHIRE,"223,296","53,932","61,992","94,762","856,444","503,756","109,691","48,491","211,933",0,151,"281,825"
070,Dalton,BERKSHIRE,"1,290,605","1,430,823",0,"295,613","10,689,549","3,077,460","346,021","314,562","1,568,135","50,569",0,"408,047"
071,Danvers,ESSEX,"10,910,406","6,978,465","5,820,149","531,277","52,807,578","8,795,031","598,768","2,541,503","22,188,038","1,616,755","3,200","6,259,496"
072,Dartmouth,BRISTOL,"5,404,488","7,967,036",0,"677,274","57,981,813","6,622,195","1,302,808","2,473,123","15,572,885","1,545,869","920,000","2,465,058"
073,Dedham,NORFOLK,"14,055,753","7,358,960","7,238,470","1,403,742","53,038,524","8,319,444","1,268,282","2,797,591","16,770,409","3,845,607","1,034,144","13,455,371"
074,Deerfield,FRANKLIN,"1,449,440","1,224,058",0,"166,841","10,286,249","1,788,486","138,396","283,838","1,835,176","434,837",0,"613,757"
075,Dennis,BARNSTABLE,"9,952,832","6,593,370","7,372,885","959,603","21,977,256","6,406,018","6,452,526","5,168,617","8,599,522","1,029,271",0,"3,982,690"
076,Dighton,BRISTOL,"1,775,793","1,829,604","880,674","1,389,672","13,550,782","2,127,885","398,163","412,051","2,542,500","199,681","1,500","362,843"
077,Douglas,WORCESTER,"2,284,159","2,213,416","853,109","1,052,546","19,285,925","1,806,623","415,541","389,919","5,014,136","10,835",751,"2,048,273"
078,Dover,NORFOLK,"3,354,111","2,379,541","593,120","617,898","23,654,462","2,447,673","418,333","1,281,482","4,479,592","328,663","10,150","1,842,375"
079,Dracut,MIDDLESEX,"4,358,439","5,354,329","4,660,569","706,736","47,260,614","6,071,175","637,515","1,029,106","19,628,998","4,795,119","421,062","3,841,242"
080,Dudley,WORCESTER,"1,744,629","2,051,308","1,564,887","32,442","11,999,996","1,018,855","243,672","365,560","2,417,213",0,"45,820","582,862"
081,Dunstable,MIDDLESEX,"649,078","1,187,529","292,675","82,805","8,292,773","821,035","45,381","279,531","785,631","2,340",0,"180,036"
082,Duxbury,PLYMOUTH,"5,505,164","4,882,134","4,134,758","2,304,388","43,008,465","4,556,682","895,400","3,919,676","7,179,024","558,001",0,"6,831,188"
083,East Bridgewater,PLYMOUTH,"4,178,531","3,698,239","3,218,973","393,209","27,640,110","2,644,889","636,673","729,741","9,284,008","799,108",0,"3,457,023"
084,East Brookfield,WORCESTER,"439,922","735,510","218,049","314,370","2,541,352","485,234","78,489","118,391","703,501","59,779",687,0
085,East Longmeadow,HAMPDEN,"5,653,511","3,391,744","1,781,464","335,432","34,661,515","3,564,422","798,772","1,167,136","12,818,831","709,008","522,615","1,488,647"
086,Eastham,BARNSTABLE,"5,030,363","2,499,607","3,020,580","649,079","10,842,391","2,575,462","1,268,265","1,109,720","5,686,308","904,282",0,"6,332,912"
087,Easthampton,HAMPSHIRE,"3,088,221","4,000,973","3,243,613","736,405","18,806,236","2,309,694","787,556","1,308,939","10,362,175","2,875,378",0,"4,824,433"
088,Easton,BRISTOL,"2,830,107","5,173,135","6,637,630","665,660","49,267,423","4,223,472","876,264","703,224","17,152,654","1,429,658","156,975","7,014,410"
089,Edgartown,DUKES,"2,709,255","3,910,974","773,256","3,259,740","15,803,284","4,048,695","889,132","2,150,294","6,926,526","3,051,686",0,"766,423"
090,Egremont,BERKSHIRE,"788,390","620,847","220,945","93,423","2,105,474","761,661","143,641","84,424","638,196","1,767","24,716","312,092"
091,Erving,FRANKLIN,"1,444,034","514,959","377,937","118,531","5,331,999","1,200,008","252,837","376,605","1,926,081","266,081",0,0
092,Essex,ESSEX,"1,523,057","1,590,404","1,547,398","277,198","11,540,470","1,348,660","303,492","204,901","1,356,124","33,622",0,"755,997"
093,Everett,MIDDLESEX,"10,080,068","17,620,955","16,193,120","5,575,902","125,890,083","13,180,822","3,799,872","1,921,016","48,532,445","19,926,900","2,621,244","11,924,719"
094,Fairhaven,BRISTOL,"3,694,992","5,148,085","4,056,093","1,150,844","28,318,139","4,287,822","978,642","1,332,106","6,907,365","718,398",0,"1,131,556"
095,Fall River,BRISTOL,"8,989,895","24,541,681","20,009,240","1,105,049","181,932,757","17,026,839","2,152,028","3,861,464","40,395,494","36,515,659",0,"14,471,570"
096,Falmouth,BARNSTABLE,"8,210,203","8,144,496","11,089,147","3,978,044","60,568,805","20,343,507","2,158,231","5,566,349","27,895,339","4,975,598","1,129,314","13,422,320"
097,Fitchburg,WORCESTER,"6,584,905","9,436,771","8,924,676","639,570","90,725,941","8,951,450","1,708,277","2,408,321","20,613,991","1,265,310","149,267","3,420,035"
098,Florida,BERKSHIRE,"310,394","65,378",0,"2,766","1,723,758","886,329","63,901","25,428","653,041","72,114","1,690",0
099,Foxborough,NORFOLK,"4,102,614","5,633,971","5,684,278","1,033,179","41,765,945","3,240,321","1,254,405","1,250,784","16,488,768","2,696,001","858,394","3,385,923"
100,Framingham,MIDDLESEX,"12,030,847","18,186,876","17,030,276","1,506,912","175,324,565","14,538,629","2,088,258","7,057,073","64,937,095","8,128,538","43,763","16,155,889"
101,Franklin,NORFOLK,"13,411,958","6,976,298","7,773,893","1,413,024","75,371,794","5,935,289","1,119,769","1,826,509","14,303,406","7,172,610",0,"6,170,253"
102,Freetown,BRISTOL,"2,138,841","3,018,743","2,220,239","333,330","14,282,771","2,204,520","474,981","259,256","3,580,302","314,319","125,539","1,183,600"
103,Gardner,WORCESTER,"3,632,722","3,728,264","3,215,752","2,371,986","33,203,103","3,670,025","1,127,144","1,116,915","7,413,046","1,786,746","380,000","4,238,402"
104,Aquinnah,DUKES,"1,484,697","721,779","119,488","590,242","2,207,106","328,977","111,538","270,619","745,616",0,"110,974","93,332"
105,Georgetown,ESSEX,"2,098,278","2,039,626","663,394","160,993","19,190,178","1,033,359","452,013","626,516","6,813,040","404,034","8,800","2,244,968"
106,Gill,FRANKLIN,"369,037","243,941","133,831","34,222","1,916,704","805,557","27,782","36,690","222,864","13,283",0,"63,264"
107,Gloucester,ESSEX,"6,242,025","8,299,524","11,453,032","642,753","44,754,900","13,798,943","1,204,156","1,251,536","29,665,858","2,626,719","1,878,239","12,572,358"
108,Goshen,HAMPSHIRE,"497,157","86,967","79,982","82,128","1,667,068","691,233","73,210","18,682","141,004","3,591",0,"194,507"
109,Gosnold,DUKES,"443,907","9,758","37,738","5,925","55,917","161,879","2,086","324,003","139,416",0,0,"17,993"
110,Grafton,WORCESTER,"3,599,179","3,091,250","1,703,487","315,338","45,958,819","4,061,672","583,407","1,593,256","9,892,291","763,848","142,818","6,090,883"
111,Granby,HAMPSHIRE,"1,927,171","1,539,153","1,068,885","455,391","9,989,261","966,649","195,114","214,423","3,832,209","1,396,336",0,"1,017,073"
112,Granville,HAMPDEN,"486,028","227,507","61,808","223,908","2,070,197","852,168","15,703","60,077","340,894","3,060",0,"363,647"
113,Great Barrington,BERKSHIRE,"2,636,893","2,191,205","772,540","412,346","20,444,026","2,036,360","692,820","625,987","2,718,982","71,501",0,"2,091,939"
114,Greenfield,FRANKLIN,"5,026,580","3,611,089","3,202,999","1,093,591","23,433,357","2,908,913","909,273","1,024,188","15,629,421","5,327,332",0,"5,243,089"
115,Groton,MIDDLESEX,"2,780,245","2,584,166","1,753,326","786,305","27,718,371","1,915,592","391,009","1,982,228","5,262,520","98,662",0,"4,562,177"
116,Groveland,ESSEX,"1,252,879","1,566,446","478,395","108,662","14,396,018","1,682,812","303,208","325,070","1,497,798",0,"141,512","370,582"
117,Hadley,HAMPSHIRE,"1,425,823","1,827,925","848,602","735,567","7,748,069","1,441,208","346,719","295,523","3,860,343","1,439,139",0,"2,006,973"
118,Halifax,PLYMOUTH,"2,076,198","1,988,381","1,869,316","324,973","14,955,275","1,769,628","494,314","404,769","3,261,787","214,005","197,485","469,900"
119,Hamilton,ESSEX,"2,612,658","2,038,922","1,104,038","697,633","23,404,773","2,629,418","355,036","334,762","2,444,219","1,168,298","124,492","578,318"
120,Hampden,HAMPDEN,"1,124,181","1,452,275","372,549","567,308","8,591,831","1,287,140","442,749","389,433","1,524,410","57,887","2,790","215,250"
121,Hancock,BERKSHIRE,"136,593","1,912","111,627","5,729","2,018,656","167,124","6,262","35,252","62,925","42,022",644,0
122,Hanover,PLYMOUTH,"5,730,138","4,515,844","4,438,671","630,172","36,973,499","4,205,650","283,245","630,363","10,048,288","842,805",0,"4,257,376"
123,Hanson,PLYMOUTH,"2,370,909","3,469,091","2,645,517","203,685","16,440,505","2,177,932","364,403","581,135","4,462,119","166,187","17,991","547,698"
124,Hardwick,WORCESTER,"652,397","840,876","163,106","40,648","3,097,236","639,720","102,527","88,788","506,650","17,703","21,630","48,141"
125,Harvard,WORCESTER,"2,371,343","1,310,282","570,480","418,781","15,325,929","2,154,374","333,416","845,509","5,110,860","566,669","5,117","3,893,155"
126,Harwich,BARNSTABLE,"7,303,091","5,136,891","5,625,903","1,462","30,483,666","8,009,709","1,527,534","4,395,730","9,887,750","835,482",0,"2,541,800"
127,Hatfield,HAMPSHIRE,"806,453","318,476","336,262","229,211","6,023,724","1,371,986","215,485","137,575","1,791,899","771,143",0,"231,129"
128,Haverhill,ESSEX,"5,508,774","14,779,090","13,250,153","266,887","125,592,909","11,293,256","2,357,337","2,895,500","49,313,600","8,762,494","2,162,790","5,179,894"
129,Hawley,FRANKLIN,"118,802","1,495","25,007","9,947","603,279","1,100,585","5,217","2,400","120,216",0,0,0
130,Heath,FRANKLIN,"476,152","34,146","49,479","12,330","1,117,807","462,627","18,556","55,055","246,215","1,639","6,712","173,564"
131,Hingham,PLYMOUTH,"6,057,595","7,485,678","8,288,237","1,744,348","64,873,416","6,986,408","985,195","2,740,666","16,428,244","987,694","1,108,641","8,599,792"
132,Hinsdale,BERKSHIRE,"562,806","469,294","89,521","30,607","3,270,577","1,182,270","40,532","117,870","501,236","21,626","1,634","18,176"
133,Holbrook,NORFOLK,"1,748,008","3,573,106","2,744,853","2,719,865","18,441,949","2,038,080","143,525","581,082","9,845,231","1,400,584","257,666","3,260,869"
134,Holden,WORCESTER,"3,281,974","2,805,382","2,639,846","940,666","37,097,584","4,606,032","307,995","989,415","4,698,930","158,084",0,"3,981,782"
135,Holland,HAMPDEN,"586,535","213,344","183,435","259,222","4,479,071","1,150,601","134,768","86,172","936,142","73,968",0,"179,492"
136,Holliston,MIDDLESEX,"2,491,469","3,457,998","1,065,490","1,305,140","42,068,487","3,886,383","691,459","770,642","9,697,918","678,717",0,"373,650"
137,Holyoke,HAMPDEN,,,,,,,,,,,,
138,Hopedale,WORCESTER,"1,289,105","1,862,546","1,614,089","124,709","15,159,456","924,824","909,071","474,667","5,838,481","27,999",0,"320,237"
139,Hopkinton,MIDDLESEX,"4,619,145","2,742,152","3,897,923","868,673","60,516,321","6,633,874","1,302,865","1,080,563","10,571,608","414,221",0,"7,317,431"
140,Hubbardston,WORCESTER,"638,863","705,528","528,193","411,972","6,297,701","1,058,144","29,009","95,939","787,402",0,"9,952","126,960"
141,Hudson,MIDDLESEX,,,,,,,,,,,,
142,Hull,PLYMOUTH,"3,285,217","3,768,188","3,936,703","321,252","17,647,231","1,263,662","694,698","418,232","10,966,486","1,745,431","180,000","3,563,026"
143,Huntington,HAMPSHIRE,"503,349","162,697","102,135","117,569","3,965,456","820,202","54,791","98,928","230,598","7,104",0,"77,478"
144,Ipswich,ESSEX,"3,480,888","3,185,941","2,244,534","1,107,129","31,448,618","4,456,020","651,743","930,849","10,320,142","325,271","99,853","1,038,670"
145,Kingston,PLYMOUTH,"4,055,975","4,497,434","4,370,087","511,211","28,771,294","2,675,656","815,577","1,158,163","7,944,213","510,477",0,"201,263"
146,Lakeville,PLYMOUTH,"2,430,904","2,535,496","1,662,532","464,642","19,322,200","1,229,063","525,753","387,555","3,794,372","211,782",0,"879,882"
147,Lancaster,WORCESTER,"2,195,120","1,174,956","724,569","369,656","17,755,485","682,835","251,824","481,955","1,605,666","151,607","53,733","388,525"
148,Lanesborough,BERKSHIRE,"850,016","787,671","99,667","332,379","6,930,756","1,152,539","106,187","143,562","1,016,240","113,143",0,0
149,Lawrence,ESSEX,"8,420,800","17,701,108","16,029,259","1,587,409","258,301,696","16,245,730","935,688","1,554,449","28,025,382","41,024,153","754,185","14,879,811"
150,Lee,BERKSHIRE,"1,202,038","1,478,930","1,140,240","182,886","10,647,478","1,720,339","172,134","439,267","4,120,527","672,588",0,0
151,Leicester,WORCESTER,"2,490,470","2,337,017","385,873","171,784","19,850,646","1,403,788","150,736","250,181","5,137,353","871,668","2,554,981","2,056,050"
152,Lenox,BERKSHIRE,"1,608,962","1,442,585","639,485","713,768","12,658,102","1,765,275","240,684","1,064,229","5,289,121","338,054",50,"255,885"
153,Leominster,WORCESTER,"6,121,132","9,919,280","11,569,394","1,861,751","83,867,356","8,393,609","1,194,134","2,840,665","6,587,634","3,699,900","39,064","1,488,340"
154,Leverett,FRANKLIN,"513,293","287,398","307,099","72,617","4,520,758","513,238","23,558","104,433","374,081",0,"54,826","438,634"
155,Lexington,MIDDLESEX,"22,001,442","8,089,801","8,861,266","2,219,599","138,583,334","9,678,640","2,026,449","4,874,521","43,951,486","981,462","185,539","23,374,202"
156,Leyden,FRANKLIN,"289,416","95,024","51,426","44,167","891,845","373,143","23,938","30,152","142,972","5,393","125,833",0
157,Lincoln,MIDDLESEX,"3,318,171","1,964,672","2,166,799","930,305","16,260,611","2,280,121","733,454","2,093,453","7,643,836","200,610","474,631","4,734,169"
158,Littleton,MIDDLESEX,"4,241,135","2,885,980","2,414,278","926,048","25,169,229","3,601,713","602,381","1,136,845","9,137,341","1,184,102",0,"2,888,135"
159,Longmeadow,HAMPDEN,"5,482,695","3,100,647","2,724,189","60,716","39,148,180","3,419,599","448,078","1,493,729","5,859,744","337,343","758,234","6,501,742"
160,Lowell,MIDDLESEX,"22,656,103","32,617,707","24,330,091","1,510,598","250,660,684","17,430,973","4,634,123","5,051,037","65,593,385","44,924,194",0,"12,959,707"
161,Ludlow,HAMPDEN,"3,840,456","4,709,083","4,027,177","2,034,315","35,383,189","4,917,470","1,260,101","896,919","15,854,513","1,221,200","13,834","2,518,059"
162,Lunenburg,WORCESTER,"3,032,086","2,346,201","1,579,734","525,912","23,893,379","2,543,570","390,676","676,216","5,173,052","1,018,211",0,"3,518,014"
163,Lynn,ESSEX,"8,120,932","24,729,784","24,152,764","29,405,828","232,362,613","16,528,967","965,329","1,669,701","44,615,578","39,681,276",0,"14,257,337"
164,Lynnfield,ESSEX,"4,208,095","4,308,075","2,083,333","322,035","34,810,527","4,900,500","635,390","1,099,195","11,076,884","538,838","554,692","3,591,189"
165,Malden,MIDDLESEX,"11,058,849","13,328,273","13,417,078","1,378,477","92,425,676","10,764,344","1,595,706","2,767,051","18,330,519","15,203,098",0,"7,419,152"
166,Manchester By The Sea,ESSEX,"2,152,573","2,164,097","1,880,864","154,004","20,113,895","2,688,507","429,852","1,034,482","3,330,117","185,187",0,"895,077"
167,Mansfield,BRISTOL,"4,997,160","6,782,809","5,782,328","1,211,482","59,346,699","5,379,052","794,720","993,725","20,789,224","2,050,077",0,"4,351,558"
168,Marblehead,ESSEX,"3,311,081","4,983,992","5,331,052","598,513","45,816,392","6,040,577","847,938","2,212,627","18,122,284","1,832,947",0,"11,006,139"
169,Marion,PLYMOUTH,"2,660,168","2,393,903","1,368,600","555,833","12,807,061","2,370,703","448,325","344,329","3,509,539","95,574",0,"660,297"
170,Marlborough,MIDDLESEX,"9,761,872","8,868,428","9,314,744","893,586","81,447,080","16,229,433","768,056","1,361,998","12,470,518","9,846,749",0,"8,662,987"
171,Marshfield,PLYMOUTH,"6,791,928","7,144,024","6,695,533","773,810","56,735,211","5,119,706","1,351,906","949,943","17,265,323","1,315,689","1,026,791","9,100,002"
172,Mashpee,BARNSTABLE,"5,543,713","6,134,239","5,921,036","633,903","27,046,761","5,704,569","1,028,544","1,054,684","13,186,358","2,698,184",0,"2,066,402"
173,Mattapoisett,PLYMOUTH,"1,940,440","2,634,962","913,666","904,487","15,130,971","1,850,260","515,715","689,658","4,214,270","160,093","515,225","1,278,611"
174,Maynard,MIDDLESEX,"2,981,192","3,052,771","2,565,159",0,"23,521,105","2,789,395","267,428","653,065","9,801,480","1,827,022","82,629","2,707,829"
175,Medfield,NORFOLK,"3,017,340","2,802,470","1,705,255","458,706","42,679,929","3,269,512","688,665","1,280,974","9,256,093","843,617",0,"4,075,285"
176,Medford,MIDDLESEX,"5,953,072","13,951,155","16,121,336","2,887,113","71,152,446","15,375,423","1,264,310","3,484,243","42,200,056","12,483,520",0,"5,091,124"
177,Medway,NORFOLK,"3,410,245","3,829,761","2,726,382","423,025","31,932,139","2,005,544","485,882","1,270,225","10,657,240","896,389","4,800,646","3,802,973"
178,Melrose,MIDDLESEX,"5,245,120","5,635,463","5,183,222","505,617","43,856,748","12,270,004","1,881,924","1,986,935","22,954,422","4,523,929","2,099,890","5,213,126"
179,Mendon,WORCESTER,"1,658,897","1,797,193","1,317,147","239,088","12,659,491","1,578,719","301,833","419,232","2,111,710","5,114",0,"872,795"
180,Merrimac,ESSEX,"1,500,780","1,619,524","955,091","332,740","12,988,405","1,559,423","506,895","379,246","1,449,594","116,815","34,408","794,680"
181,Methuen,ESSEX,"6,332,493","13,506,715","11,721,617","1,783,567","104,309,111","13,764,207","742,341","1,605,858","17,673,617","4,712,858",0,"5,246,729"
182,Middleborough,PLYMOUTH,"4,529,683","6,152,669","4,471,839","527,331","44,500,320","2,041,110","1,908,834","1,360,259","21,254,771","1,913,517","1,484,117","6,531,384"
183,Middlefield,HAMPSHIRE,"259,377","60,835","20,976","16,670","410,534","553,738","21,109","34,876","153,560",70,0,0
184,Middleton,ESSEX,"2,396,629","2,306,726","2,520,576","325,120","26,779,710","2,089,471","552,947","754,717","3,439,636","329,201",0,"3,805,330"
185,Milford,WORCESTER,"7,694,302","8,142,475","5,946,658","656,328","74,209,536","7,453,808","1,337,196","2,804,364","21,961,768","4,486,000",0,"3,888,889"
186,Millbury,WORCESTER,"2,098,278","3,258,127","812,637","287,072","26,484,278","2,684,645","502,897","654,812","9,244,599","703,164","8,977","5,384,496"
187,Millis,NORFOLK,"3,070,607","2,584,728","1,820,871","1,321,845","20,671,601","1,763,046","342,812","932,712","6,929,113","374,511","1,602","3,653,483"
188,Millville,WORCESTER,"738,114","643,073","327,517","121,834","4,259,834","523,243","89,299","52,470","371,008",0,0,"44,944"
189,Milton,NORFOLK,"4,868,224","8,078,347","6,773,692","697,250","62,651,040","6,609,516","865,494","2,493,577","11,430,817","4,221,242","288,409","4,940,938"
190,Monroe,FRANKLIN,"98,391","1,027","18,725","4,192","273,528","368,105","2,970",612,"102,602","32,324",256,"55,612"
191,Monson,HAMPDEN,"1,662,690","1,922,531","435,857","982,677","12,867,781","1,526,996","358,885","594,042","5,917,140","10,997","133,844","1,859,933"
192,Montague,FRANKLIN,"1,742,991","2,328,872",0,"256,677","13,036,490","2,694,162","263,384","911,839","2,442,854","218,168",0,"1,157,252"
193,Monterey,BERKSHIRE,"493,393","358,316","280,232","160,435","1,833,333","1,008,506","50,156","274,121","432,811","2,058",0,"257,889"
194,Montgomery,HAMPDEN,"245,939","63,648","34,811","51,395","1,298,633","258,182","11,594","27,500","163,414",0,"3,491","44,641"
195,Mount Washington,BERKSHIRE,"112,708","3,388","24,000","27,764","199,610","514,687","10,749","2,024","96,707",0,0,0
196,Nahant,ESSEX,"1,464,829","1,693,062","1,355,657","170,929","4,450,433","635,968","177,544","292,274","2,516,471","325,225",0,"525,947"
197,Nantucket,NANTUCKET,"11,182,378","6,427,895","4,272,002","3,009,296","37,839,425","4,123,984","1,879,972","3,208,034","10,058,625","1,422,217","210,434","14,827,837"
198,Natick,MIDDLESEX,"14,239,615","8,105,168","10,836,670","236,952","84,694,338","10,214,181","1,921,254","3,990,402","34,021,157","1,376,799","18,819","15,724,178"
199,Needham,NORFOLK,"11,240,547","8,449,142","10,384,270","3,321,433","100,522,575","9,491,211","2,661,354","3,296,182","37,828,113","1,642,017","870,055","20,485,124"
200,New Ashford,BERKSHIRE,"84,838",598,"35,259","2,986","269,196","119,875","9,391",0,0,0,"5,442",0
201,New Bedford,BRISTOL,"27,794,783","28,256,274","22,571,173","6,554,869","244,063,920","15,054,807","4,144,783","5,744,588","59,074,203","34,257,310",0,"8,878,651"
202,New Braintree,WORCESTER,"231,473","218,958","130,036","30,831","1,520,329","399,673","14,890","25,286","197,602","28,116",0,"138,079"
203,New Marlborough,BERKSHIRE,"448,373","402,516","115,924","472,327","2,821,274","2,135,318","164,235","151,211","479,924","10,437","21,375","165,892"
204,New Salem,FRANKLIN,"336,682","143,197","108,572","87,894","1,934,647","543,417","3,081","77,659","133,269",0,"1,516","298,383"
205,Newbury,ESSEX,"2,643,150","1,454,024","1,333,342","535,851","11,645,122","1,371,511","463,444","437,922","2,129,581","161,448",0,"806,471"
206,Newburyport,ESSEX,"4,102,788","4,621,902","4,716,960","843,448","38,564,593","6,472,566","1,417,453","1,892,872","15,950,721","2,287,814",0,"4,476,532"
207,Newton,MIDDLESEX,"21,273,478","24,770,562","26,367,021","1,683,329","227,070,108","36,083,260","5,404,988","16,677,810","48,671,536","7,035,664",0,"25,264,712"
208,Norfolk,NORFOLK,"3,037,089","3,450,108","3,213,039","738,808","27,160,851","2,862,291","263,027","964,167","6,219,825","685,517","332,050","3,074,680"
209,North Adams,BERKSHIRE,"2,230,126","2,594,518","2,024,727","609,474","20,618,168","5,045,832","645,788","721,562","10,284,859","4,013,970","1,179,665","1,197,451"
210,North Andover,ESSEX,"5,783,874","6,332,468","6,903,983","340,066","64,823,870","5,895,365","1,368,480","1,188,585","20,795,916","794,952","1,210,568","4,210,520"
211,North Attleborough,BRISTOL,"4,398,741","6,357,280","5,141,749","2,596,056","52,102,834","2,127,649","948,555","1,490,750","15,641,433","5,141,175","899,925","3,737,999"
212,North Brookfield,WORCESTER,"523,896","693,101","253,329","219,528","7,555,597","822,428","110,174","140,361","2,863,587","1,534,460",0,"1,077,803"
213,North Reading,MIDDLESEX,"4,176,700","4,260,569","3,973,922","469,487","38,358,465","5,463,000","878,209","808,832","14,024,375","225,884",0,"7,487,256"
214,Northampton,HAMPSHIRE,"9,384,171","6,807,138","8,836,751","1,428,202","49,405,918","4,483,507","2,367,394","2,488,058","24,261,025","4,148,710",0,"4,887,741"
215,Northborough,WORCESTER,"3,515,731","3,139,557","2,487,221","317,569","43,431,084","2,979,378","622,230","1,466,570","9,213,067","284,354",0,"2,099,836"
216,Northbridge,WORCESTER,"1,875,421","3,274,776","1,413,659","1,233,133","28,337,743","2,570,883","961,729","773,321","8,232,532","1,427,625","20,604","4,906,696"
217,Northfield,FRANKLIN,"958,855","514,480","115,937","64,556","5,392,200","1,576,241","147,125","265,318","563,629","32,880","45,910",0
218,Norton,BRISTOL,"2,901,611","4,544,319","4,812,933","995,379","36,449,353","1,520,692","627,588","685,893","13,091,788","1,704,098","803,152","5,172,769"
219,Norwell,PLYMOUTH,"3,162,815","4,012,422","3,138,817","884,759","33,413,261","4,400,294","620,673","975,129","10,958,116","1,438,710",0,"2,935,647"
220,Norwood,NORFOLK,"14,669,778","10,164,181","8,470,968","655,029","60,558,699","8,516,608","1,341,509","3,057,159","23,931,405","2,659,544",0,"12,491,350"
221,Oak Bluffs,DUKES,"3,617,444","2,921,843","623,746","1,576,720","15,760,849","1,907,948","441,150","967,646","5,256,769","1,031,482","2,123,481","3,175,812"
222,Oakham,WORCESTER,"409,368","265,885","216,132","122,876","2,835,858","337,389","29,187","103,360","253,604","3,040",0,"32,013"
223,Orange,FRANKLIN,"1,278,115","1,520,664","1,700,367","241,492","14,043,506","1,893,191","192,791","379,675","3,767,248","468,288","107,034","1,678,187"
224,Orleans,BARNSTABLE,"3,633,925","3,124,442","3,884,230","1,001,735","12,673,592","1,229,473","1,348,291","2,015,538","5,796,493","665,060",0,"7,107,151"
225,Otis,BERKSHIRE,"1,285,670","447,778","72,682","351,946","2,514,411","1,482,212","84,638","95,065","586,557","31,385","23,272","838,060"
226,Oxford,WORCESTER,"4,276,955","2,912,571",0,"2,631,702","21,882,563","4,200,342","314,521","895,605","7,866,025","1,021,325","469,706","1,120,650"
227,Palmer,HAMPDEN,"1,758,801","2,922,599",0,"227,362","19,714,831","1,824,477","544,471","1,000,963","8,760,451","1,531,367",0,"1,235,762"
228,Paxton,WORCESTER,"981,207","1,187,112","402,047","1,016,486","7,937,405","1,480,947","95,741","228,175","1,594,222","44,794","50,170","606,882"
229,Peabody,ESSEX,"10,965,944","12,271,186","13,455,549","167,200","84,279,727","9,508,008","3,959,688","5,163,006","42,699,308","4,423,061","163,999","8,605,188"
230,Pelham,HAMPSHIRE,"382,405","266,911","94,086","56,700","3,180,273","469,001","37,686","59,020","578,278","75,064","1,924","66,825"
231,Pembroke,PLYMOUTH,"2,275,999","4,974,250","4,199,759","625,388","37,777,721","2,036,840","446,408","995,888","14,737,306","1,264,116","602,337","4,019,306"
232,Pepperell,MIDDLESEX,"2,031,327","2,339,155","376,609","1,673,652","21,181,592","2,003,755","382,631","654,321","3,137,400","28,574","102,844","71,163"
233,Peru,BERKSHIRE,"327,110","120,374","32,231","5,861","1,208,959","502,701","14,025","29,609","209,448","1,526",0,"30,165"
234,Petersham,WORCESTER,"325,722","351,102","145,131","49,178","2,913,485","524,432","45,068","27,868","407,673","44,762",0,"308,466"
235,Phillipston,WORCESTER,"675,493","423,973","310,269","133,690","2,145,547","443,779","91,995","29,474","340,717","-2,968",0,"36,458"
236,Pittsfield,BERKSHIRE,"7,382,946","13,870,539","9,467,813","655,364","79,226,914","11,195,842","1,898,444","2,334,243","49,555,319","8,275,560","309,741","11,283,385"
237,Plainfield,HAMPSHIRE,"422,780","165,540","58,980","57,668","1,226,599","726,628","1,813","51,530","214,798",116,"10,865","176,863"
238,Plainville,NORFOLK,"2,663,582","3,393,067","3,659,715","373,297","19,337,092","1,188,574","484,862","358,146","5,524,749","1,016,598","277,358","2,860,129"
239,Plymouth,PLYMOUTH,"13,361,112","15,786,053","16,160,788","1,913,641","114,931,425","11,029,469","1,618,554","4,067,338","28,055,422","10,136,234","7,594","15,849,719"
240,Plympton,PLYMOUTH,"1,441,158","1,722,540",0,"1,200,535","6,995,590","1,038,046","138,663","230,011","1,425,263",0,0,"217,606"
241,Princeton,WORCESTER,"1,062,045","1,228,127","297,538","474,280","6,203,042","1,600,759","155,984","288,668","797,384","28,482",0,"642,297"
242,Provincetown,BARNSTABLE,"3,453,132","4,095,530","3,468,672","2,808,713","5,179,637","6,302,081","872,190","764,673","8,530,048","603,433","4,632","2,514,310"
243,Quincy,NORFOLK,"23,791,006","39,683,386","36,848,591","6,804,010","131,477,617","19,157,397","4,334,916","10,944,251","68,077,716","5,486,050","4,194","63,580,434"
244,Randolph,NORFOLK,"4,097,253","9,800,138","8,551,202","584,973","53,577,033","5,789,357","742,027","2,866,737","21,981,921","6,987,970",0,"4,629,474"
245,Raynham,BRISTOL,"2,109,274","6,330,990","4,572,248","1,271,925","25,572,570","3,697,072","495,287","730,554","5,368,941","446,962","2,433","1,566,731"
246,Reading,MIDDLESEX,"6,027,232","7,288,906","6,176,500","245,004","57,931,255","7,712,336","699,798","2,706,519","21,493,597","828,378","58,806","6,040,335"
247,Rehoboth,BRISTOL,"3,874,718","3,346,437","648,931","879,073","23,048,147","1,213,877","525,809","310,990","3,052,777","427,175","538,899","434,959"
248,Revere,SUFFOLK,"10,703,667","14,467,020","14,511,762","3,488,638","119,583,146","3,979,589","2,220,403","1,750,203","42,294,376","18,247,230","1,960,129","9,834,072"
249,Richmond,BERKSHIRE,"667,374","4,508","114,330","204,407","4,095,968","1,270,283","65,558","81,764","540,129","157,453","48,116","426,950"
250,Rochester,PLYMOUTH,"1,816,483","1,948,190","488,644","1,062,495","14,102,394","1,189,428","527,343","285,137","2,398,757","145,273","20,307","1,047,057"
251,Rockland,PLYMOUTH,"3,386,219","4,647,202","4,863,031","735,383","32,935,079","4,973,496","1,198,250","1,186,204","14,503,815","3,605,023","607,280","5,926,904"
252,Rockport,ESSEX,"3,115,260","2,537,788","345,503","928,587","14,491,570","3,966,028","172,645","910,359","7,823,339","1,066,759","367,439","912,364"
253,Rowe,FRANKLIN,"533,301","84,804","715,087",650,"1,679,911","681,046","100,046","289,504","873,356","83,384","40,708","538,343"
254,Rowley,ESSEX,"1,530,978","1,890,030","974,591","226,853","13,204,129","674,995","448,574","506,407","1,940,299","120,811",0,"2,246,139"
255,Royalston,WORCESTER,"360,133","137,550","163,698","58,409","809,174","651,197","142,065","87,784","191,143",0,0,"89,552"
256,Russell,HAMPDEN,"495,497","222,266","134,396","-1,835","2,645,525","476,002","37,416","96,345","403,577","15,002",300,"43,582"
257,Rutland,WORCESTER,"1,360,610","1,682,007","1,592,364","803,957","16,004,059","1,321,869","139,302","309,068","2,326,027","37,722","94,820","1,029,153"
258,Salem,ESSEX,"8,044,428","12,016,275","10,347,606","1,007,183","73,994,898","7,097,611","1,772,296","3,852,416","33,413,930","10,469,965",0,"8,621,961"
259,Salisbury,ESSEX,"2,186,013","3,934,651","2,102,311","366,922","16,342,089","1,903,522","486,556","534,019","4,227,675","159,453",0,"1,434,064"
260,Sandisfield,BERKSHIRE,"545,096","55,641","294,175","11,393","1,583,299","1,138,908","60,015","36,438","260,948",0,0,0
261,Sandwich,BARNSTABLE,"5,812,460","5,500,997","6,825,978","357,513","41,045,923","3,690,074","814,183","1,813,297","14,252,661","10,106,980",0,"4,728,104"
262,Saugus,ESSEX,"4,054,452","8,539,975","6,555,779","1,236,651","34,737,459","7,905,157","825,144","1,279,855","27,173,740","5,864,434","40,269","9,272,965"
263,Savoy,BERKSHIRE,"159,728","11,595","27,593","14,977","987,649","473,149","26,774","7,427","177,131","88,386",0,0
264,Scituate,PLYMOUTH,"5,649,859","5,208,790","5,979,002","1,088,895","49,433,097","5,260,024","766,796","1,284,788","15,205,391","727,658","837,772","7,850,718"
265,Seekonk,BRISTOL,"3,380,463","5,115,110","4,448,016","1,547,670","33,011,577","2,261,529","602,630","1,165,014","11,939,715","702,394","23,176","2,590,006"
266,Sharon,NORFOLK,"2,571,715","4,028,052","4,217,704","340,526","52,650,265","3,997,326","644,469","1,607,277","6,796,437","1,059,238",0,"12,672,382"
267,Sheffield,BERKSHIRE,"816,057","678,163","146,014","124,037","8,090,970","2,933,178","143,659","270,900","786,272",0,0,0
268,Shelburne,FRANKLIN,"496,383","590,314",66,"29,268","2,968,611","819,383","124,020","163,037","383,516","51,526",0,"74,862"
269,Sherborn,MIDDLESEX,"2,313,749","2,173,622","646,654","416,957","19,170,261","1,755,968","392,840","728,372","3,298,330","115,252",0,"1,826,984"
270,Shirley,MIDDLESEX,"1,341,118","1,465,747","556,200","100,941","9,687,367","692,013","225,437","296,472","1,903,342","62,799",0,"620,764"
271,Shrewsbury,WORCESTER,"10,705,062","7,193,050","5,259,508","656,215","82,910,343","3,758,289","703,178","2,761,965","21,569,285","1,319,378",0,"12,488,733"
272,Shutesbury,FRANKLIN,"574,751","208,005","133,412","54,745","4,003,159","501,179","30,128","99,748","812,402","173,902","6,581","6,574"
273,Somerset,BRISTOL,"2,384,988","4,528,446","3,026,392","426,230","35,433,482","2,113,376","557,947","1,085,279","13,200,484","826,663","27,415","3,193,987"
274,Somerville,MIDDLESEX,"50,220,457","17,332,625","21,255,248","8,801,144","98,431,134","21,490,811","5,354,418","6,178,378","45,449,710","14,212,662","2,781,709","21,051,106"
275,South Hadley,HAMPSHIRE,"2,694,348","3,521,966",0,"223,522","24,246,655","1,981,689","1,091,905","1,060,572","9,872,878","3,249,668",0,"3,363,238"
276,Southampton,HAMPSHIRE,"820,041","1,191,515","305,886","702,049","13,398,333","981,200","177,165","197,258","2,447,434","10,875","42,373","563,845"
277,Southborough,WORCESTER,"3,966,111","2,793,552","2,732,991","189,237","32,647,186","3,932,423","936,927","766,256","9,334,941","255,299","383,946","1,856,902"
278,Southbridge,WORCESTER,"2,775,196","4,872,526","3,034,448","371,598","35,444,001","2,254,257","828,908","624,317","5,363,052","4,131,021","4,686,951","2,971,458"
279,Southwick,HAMPDEN,"2,605,895","2,528,460","383,650","1,363,540","12,940,425","2,965,422","358,868","673,553","2,967,439","71,031","35,018","1,226,064"
280,Spencer,WORCESTER,"1,407,927","2,533,754","1,327,036","346,743","11,669,437","2,159,351","362,278","577,036","2,590,763","129,389",0,"1,343,510"
281,Springfield,HAMPDEN,"32,256,752","60,906,121","29,081,264","4,449,899","495,126,795","11,563,837","3,803,756","18,697,790","168,948,560","3,718,653",0,"28,438,066"
282,Sterling,WORCESTER,"1,911,306","2,522,786","1,221,042","813,882","14,170,348","2,889,484","250,192","993,075","2,864,848",0,0,"384,859"
283,Stockbridge,BERKSHIRE,"2,357,208","998,068","295,871","467,820","3,799,767","1,113,417","183,769","348,186","1,267,734","54,448",0,"2,507,511"
284,Stoneham,MIDDLESEX,"3,549,443","5,304,331","4,513,069","901,891","36,050,187","2,808,428","742,063","1,702,405","18,378,820","4,004,841","271,208","8,620,334"
285,Stoughton,NORFOLK,"4,850,878","7,375,325","7,165,125","929,841","61,465,204","5,683,460","928,213","1,972,756","22,914,027","5,068,300","12,549","8,404,165"
286,Stow,MIDDLESEX,"2,928,319","1,780,223","983,305","171,018","21,730,837","1,682,127","549,531","471,075","2,836,156","116,208","17,977","2,015,735"
287,Sturbridge,WORCESTER,"2,353,485","3,567,200","2,160,181","293,315","21,894,889","2,394,681","715,837","1,752,817","4,619,902","633,374","376,079","1,376,799"
288,Sudbury,MIDDLESEX,"3,662,740","4,517,158","5,225,089","300,478","74,101,542","7,151,571","863,586","1,907,258","13,402,457","260,525",0,"3,093,131"
289,Sunderland,FRANKLIN,"850,079","661,724","130,076","276,740","5,793,336","412,993","89,024","278,838","1,035,419","263,341","63,947","274,451"
290,Sutton,WORCESTER,"1,791,801","2,298,758","697,387","368,838","22,510,358","1,274,457","310,334","304,400","5,634,512","80,636","291,856","3,278,737"
291,Swampscott,ESSEX,"4,273,205","4,237,199","4,364,823","267,204","31,517,835","1,383,275","517,866","888,376","13,078,433","1,657,186","564,933","7,069,094"
292,Swansea,BRISTOL,"2,855,750","5,099,393","1,240,102","263,859","27,723,170","2,453,049","912,615","928,971","10,814,014","1,046,674",0,"620,441"
293,Taunton,BRISTOL,"9,004,428","21,533,137","16,178,629","1,591,961","118,769,740","11,229,944","2,633,172","3,561,528","57,405,713","5,573,329","110,207","5,250,958"
294,Templeton,WORCESTER,"1,559,085","1,575,418","664,974","227,772","8,350,867","1,255,718","81,505","261,417","2,824,740","146,508","10,618","2,108,747"
295,Tewksbury,MIDDLESEX,"3,761,932","9,457,978","8,651,075","746,899","63,554,500","10,210,367","1,157,542","2,190,767","12,371,989","1,688,544",0,"13,364,217"
296,Tisbury,DUKES,"2,800,558","2,600,933","689,237","1,819,528","14,349,378","2,044,208","658,334","685,631","5,466,121","2,200,563","54,314","6,627,387"
297,Tolland,HAMPDEN,"1,060,859","145,767","93,438","10,022","527,665","546,271","13,460","24,836","204,459",0,"9,733","170,287"
298,Topsfield,ESSEX,"1,795,658","1,837,599","1,347,586","186,509","20,901,390","2,034,599","287,679","689,028","4,536,108","224,371",0,"1,096,063"
299,Townsend,MIDDLESEX,"1,756,438","1,666,185","1,460,856","534,169","14,918,837","2,025,343","330,387","508,869","2,382,355","76,623",359,"495,223"
300,Truro,BARNSTABLE,"4,328,639","2,280,294","2,977,594","221,519","6,167,805","1,622,927","847,639","1,557,872","3,652,877","654,058",0,"816,675"
301,Tyngsborough,MIDDLESEX,"2,320,064","3,176,873","1,383,567","1,128,633","25,097,162","3,653,435","535,372","662,489","7,697,888","1,796,735","706,112","1,346,088"
302,Tyringham,BERKSHIRE,"419,559","103,571","86,297","38,030","242,450","751,961","5,998","13,595","251,524","73,893","44,770",0
303,Upton,WORCESTER,"2,340,350","1,920,942","1,294,348","234,729","15,821,980","1,925,155","371,591","387,218","2,145,450","65,326","2,900","775,495"
304,Uxbridge,WORCESTER,"4,565,991","3,191,214","2,661,549","326,194","27,440,975","3,140,434","686,062","428,359","10,086,241","905,577",0,"2,082,401"
305,Wakefield,MIDDLESEX,"2,696,885","7,285,824","7,085,770","670,559","52,337,200","12,403,851","757,382","2,130,413","20,479,759","2,300,646",0,0
306,Wales,HAMPDEN,"472,659","131,634","153,504","115,023","2,968,273","462,831","138,650","63,463","741,542","276,744",0,"52,988"
307,Walpole,NORFOLK,"6,143,161","7,112,781","6,372,160","696,124","55,196,102","6,473,607","809,788","2,370,813","19,708,797","1,545,663","1,221,200","7,677,057"
308,Waltham,MIDDLESEX,"15,092,861","20,850,964","21,072,340","4,524,609","106,742,106","16,659,521","2,646,806","5,470,742","25,739,323","2,140,370","13,481","18,561,337"
309,Ware,HAMPSHIRE,"1,927,730","1,914,374","1,426,465","1,191,577","18,016,375","1,504,297","591,240","617,402","6,687,763","1,352,352","264,547","620,013"
310,Wareham,PLYMOUTH,"4,297,049","6,821,553",0,"1,180,907","36,262,007","3,157,103","720,765","399,092","15,364,340","6,094,361","614,777","2,163,222"
311,Warren,WORCESTER,"996,674","962,397","640,182","650,420","4,919,982","928,335","378,020","258,262","1,256,399","13,825","41,373","174,092"
312,Warwick,FRANKLIN,"353,130","145,754","57,978","66,571","1,272,347","422,771","6,841","38,586","221,890","75,909",0,"6,911"
313,Washington,BERKSHIRE,"297,622","27,787","27,735","5,861","1,019,019","595,914","10,723","45,641","134,604",471,0,"113,613"
314,Watertown,MIDDLESEX,"10,100,361","10,972,865","13,330,244","24,901","57,047,398","12,248,989","1,455,216","4,548,076","19,774,863","3,148,484",0,"24,189,001"
315,Wayland,MIDDLESEX,"5,617,560","3,365,822","3,507,031","1,296,393","50,112,661","3,473,964","1,877,758","1,535,205","16,999,296","187,821","1,544,934","8,351,117"
316,Webster,WORCESTER,"2,500,735","4,125,326","1,155,094","521,664","29,511,233","1,528,690","491,531","601,146","11,708,606","2,103,287",0,"4,471,332"
317,Wellesley,NORFOLK,"16,440,924","7,720,016","7,309,389","709,431","89,921,786","11,526,289","1,917,677","3,496,001","30,407,126","1,407,314","133,339","19,140,672"
318,Wellfleet,BARNSTABLE,"2,997,579","2,530,465","3,472,973","832,880","7,181,916","2,833,183","1,093,366","1,306,576","4,456,517","476,892","920,089","2,037,416"
319,Wendell,FRANKLIN,"397,901","74,841","70,216","92,994","2,104,135","534,668","32,255","67,314","148,646",0,"1,853","248,426"
320,Wenham,ESSEX,"1,652,975","1,747,436","900,946","150,049","11,848,346","1,492,583","197,017","1,159,004","2,110,109","157,538",0,"368,930"
321,West Boylston,WORCESTER,"1,277,244","1,910,604","1,259,993","291,939","14,046,747","2,230,177","206,881","511,161","6,024,616","355,996","262,105","917,901"
322,West Bridgewater,PLYMOUTH,"1,885,942","3,337,505","2,778,492","184,369","17,194,271","1,938,239","498,440","563,461","6,974,551","855,830",0,"2,836,858"
323,West Brookfield,WORCESTER,"825,039","799,942","156,227","95,157","4,807,479","1,024,979","159,239","235,517","907,382","1,182","2,844","119,875"
324,West Newbury,ESSEX,"1,519,834","1,186,703","275,857","492,398","9,838,721","2,432,059","385,775","464,042","1,311,317","89,156",0,0
325,West Springfield,HAMPDEN,"10,747,864","8,586,203","6,141,911","355,600","50,361,324","5,164,254","1,351,536","1,817,785","10,748,913","5,408,451","93,351","7,037,481"
326,West Stockbridge,BERKSHIRE,"633,879","537,914","69,477","110,677","3,391,845","745,471","40,121","71,764","506,333","1,941","203,918","276,418"
327,West Tisbury,DUKES,"2,221,209","1,572,609","441,916","1,188,098","12,798,416","740,389","605,992","1,241,663","1,741,508","402,392",0,"977,042"
328,Westborough,WORCESTER,"4,440,743","4,414,013","6,921,212","834,738","64,740,386","6,160,883","920,942","1,623,939","21,894,473","671,039","7,551","13,580,752"
329,Westfield,HAMPDEN,"8,760,375","8,722,138","5,691,533","1,815,879","69,339,361","13,495,070","1,799,331","1,480,766","14,881,752","7,056,935","2,400","6,735,723"
330,Westford,MIDDLESEX,"5,223,485","5,871,853","4,793,492","1,345,061","67,152,132","6,159,232","1,145,785","2,357,522","9,290,507","675,985","1,074,728","3,220,448"
331,Westhampton,HAMPSHIRE,"378,990","174,487","60,631","101,996","3,221,481","710,524","40,869","122,882","710,916","2,363","126,345","256,850"
332,Westminster,WORCESTER,"1,988,593","2,648,250","1,446,304","987,281","12,506,369","2,830,373","383,073","624,585","2,849,784","68,839","2,971","250,879"
333,Weston,MIDDLESEX,"6,671,788","4,675,119","4,873,657","328,857","46,524,148","6,526,210","940,929","1,682,234","18,639,309","300,002",0,"9,828,944"
334,Westport,BRISTOL,"3,384,161","4,027,833","2,603,428","306,710","23,467,474","1,506,427","977,571","385,490","7,699,858","1,619,567","3,379","5,008,219"
335,Westwood,NORFOLK,"4,204,092","5,513,189","6,460,353","480,236","55,200,667","7,472,978","1,361,406","2,205,280","16,197,104","805,268","656,862","7,526,704"
336,Weymouth,NORFOLK,"7,462,036","15,487,915","12,498,219","721,618","88,851,207","11,209,917","1,136,744","2,862,836","16,896,224","3,230,823","22,974","14,252,086"
337,Whately,FRANKLIN,"654,885","384,212","93,318","121,874","3,289,421","502,515","70,599","129,455","707,368","99,001",0,"48,659"
338,Whitman,PLYMOUTH,"2,617,604","3,822,896","4,280,451","343,517","22,103,728","3,146,617","545,753","593,563","5,250,618","208,821","17,315","619,706"
339,Wilbraham,HAMPDEN,"3,472,075","2,898,631","2,469,168","788,306","29,187,941","2,580,663","409,651","1,450,351","5,155,430","123,679",0,"945,611"
340,Williamsburg,HAMPSHIRE,"670,841","342,150","214,988","248,740","4,677,071","933,549","141,166","213,849","1,131,253","239,199",0,"589,350"
341,Williamstown,BERKSHIRE,"1,667,025","1,797,672",0,"310,429","13,543,804","2,586,433","454,568","753,605","2,471,196","47,864",0,"547,188"
342,Wilmington,MIDDLESEX,"5,430,209","6,742,314","5,804,061","1,290,238","60,292,211","7,888,774","563,885","2,469,947","10,936,620","1,146,838","2,406,533","3,359,164"
343,Winchendon,WORCESTER,"1,776,429","1,928,288","1,384,789","291,553","19,167,897","1,687,547","503,042","255,356","4,979,404","987,771","372,998","930,617"
344,Winchester,MIDDLESEX,"9,138,598","6,154,246","6,578,498","1,299,536","64,744,510","11,438,902","923,718","2,402,443","21,661,909","675,242","29,485","13,504,423"
345,Windsor,BERKSHIRE,"309,550","39,217","111,773","25,127","1,076,931","783,799","9,112","22,336","157,001","1,521",0,"171,612"
346,Winthrop,SUFFOLK,"3,297,352","4,116,555","3,480,862","841,225","26,486,993","2,341,152","514,631","653,149","12,292,726","1,296,304","13,555","3,830,025"
347,Woburn,MIDDLESEX,"9,363,534","9,966,776","11,304,772","631,339","81,934,497","9,632,197","1,287,683","2,678,282","34,253,281","5,429,594",0,"7,684,550"
348,Worcester,WORCESTER,"29,771,773","56,406,609","45,442,512","8,256,859","377,110,987","24,598,429","4,409,230","13,871,564","72,234,880","48,121,029",0,"58,686,235"
349,Worthington,HAMPSHIRE,"404,054","227,461","60,901","103,438","1,888,003","734,225","40,490","31,558","748,951","375,200",0,"31,995"
350,Wrentham,NORFOLK,"3,252,636","2,953,193","3,726,814","759,853","27,373,300","2,865,652","448,243","584,377","7,603,199","106,952","649,474","304,419"
351,Yarmouth,BARNSTABLE,"6,435,728","8,968,209","9,403,861","2,393,788","44,956,703","10,016,447","1,845,676","2,404,861","8,483,927","977,003","380,592","1,616,981"